Cement,Slag,Fly_Ash,Water,Superplastic,Coarse_Aggr,Fine_Aggr,Age,CCStr
540.0,1,1,162.0,2.5,1040.0,676.0,2,79.99
540.0,1,1,162.0,2.5,1055.0,676.0,2,61.89
332.5,3,1,228.0,0.0,932.0,594.0,5,40.27
332.5,3,1,228.0,0.0,932.0,594.0,5,41.05
198.6,3,1,192.0,0.0,978.4,825.5,5,44.3
266.0,2,1,228.0,0.0,932.0,670.0,4,47.03
380.0,2,1,228.0,0.0,932.0,594.0,5,43.7
380.0,2,1,228.0,0.0,932.0,594.0,2,36.45
266.0,2,1,228.0,0.0,932.0,670.0,2,45.85
475.0,1,1,228.0,0.0,932.0,594.0,2,39.29
198.6,3,1,192.0,0.0,978.4,825.5,4,38.07
198.6,3,1,192.0,0.0,978.4,825.5,2,28.02
427.5,1,1,228.0,0.0,932.0,594.0,5,43.01
190.0,5,1,228.0,0.0,932.0,670.0,4,42.33
304.0,2,1,228.0,0.0,932.0,670.0,2,47.81
380.0,1,1,228.0,0.0,932.0,670.0,4,52.91
139.6,5,1,192.0,0.0,1047.0,806.9,4,39.36
342.0,1,1,228.0,0.0,932.0,670.0,5,56.14
380.0,2,1,228.0,0.0,932.0,594.0,4,40.56
475.0,1,1,228.0,0.0,932.0,594.0,5,42.62
427.5,1,1,228.0,0.0,932.0,594.0,5,41.84
139.6,5,1,192.0,0.0,1047.0,806.9,2,28.24
139.6,5,1,192.0,0.0,1047.0,806.9,1,8.06
139.6,5,1,192.0,0.0,1047.0,806.9,5,44.21
380.0,1,1,228.0,0.0,932.0,670.0,5,52.52
380.0,1,1,228.0,0.0,932.0,670.0,5,53.3
380.0,2,1,228.0,0.0,932.0,594.0,5,41.15
342.0,1,1,228.0,0.0,932.0,670.0,5,52.12
427.5,1,1,228.0,0.0,932.0,594.0,2,37.43
475.0,1,1,228.0,0.0,932.0,594.0,1,38.6
304.0,2,1,228.0,0.0,932.0,670.0,5,55.26
266.0,2,1,228.0,0.0,932.0,670.0,5,52.91
198.6,3,1,192.0,0.0,978.4,825.5,5,41.72
475.0,1,1,228.0,0.0,932.0,594.0,5,42.13
190.0,5,1,228.0,0.0,932.0,670.0,5,53.69
237.5,5,1,228.0,0.0,932.0,594.0,5,38.41
237.5,5,1,228.0,0.0,932.0,594.0,2,30.08
332.5,3,1,228.0,0.0,932.0,594.0,4,37.72
475.0,1,1,228.0,0.0,932.0,594.0,4,42.23
237.5,5,1,228.0,0.0,932.0,594.0,5,36.25
342.0,1,1,228.0,0.0,932.0,670.0,4,50.46
427.5,1,1,228.0,0.0,932.0,594.0,5,43.7
237.5,5,1,228.0,0.0,932.0,594.0,5,39.0
380.0,1,1,228.0,0.0,932.0,670.0,5,53.1
427.5,1,1,228.0,0.0,932.0,594.0,4,41.54
427.5,1,1,228.0,0.0,932.0,594.0,1,35.08
349.0,1,1,192.0,0.0,1047.0,806.9,1,15.05
380.0,2,1,228.0,0.0,932.0,594.0,5,40.76
237.5,5,1,228.0,0.0,932.0,594.0,1,26.26
380.0,2,1,228.0,0.0,932.0,594.0,1,32.82
332.5,3,1,228.0,0.0,932.0,594.0,5,39.78
190.0,5,1,228.0,0.0,932.0,670.0,5,46.93
237.5,5,1,228.0,0.0,932.0,594.0,4,33.12
304.0,2,1,228.0,0.0,932.0,670.0,4,49.19
139.6,5,1,192.0,0.0,1047.0,806.9,1,14.59
198.6,3,1,192.0,0.0,978.4,825.5,1,14.64
475.0,1,1,228.0,0.0,932.0,594.0,5,41.93
198.6,3,1,192.0,0.0,978.4,825.5,1,9.13
304.0,2,1,228.0,0.0,932.0,670.0,5,50.95
332.5,3,1,228.0,0.0,932.0,594.0,2,33.02
304.0,2,1,228.0,0.0,932.0,670.0,5,54.38
266.0,2,1,228.0,0.0,932.0,670.0,5,51.73
310.0,1,1,192.0,0.0,971.0,850.6,1,9.87
190.0,5,1,228.0,0.0,932.0,670.0,5,50.66
266.0,2,1,228.0,0.0,932.0,670.0,5,48.7
342.0,1,1,228.0,0.0,932.0,670.0,5,55.06
139.6,5,1,192.0,0.0,1047.0,806.9,5,44.7
332.5,3,1,228.0,0.0,932.0,594.0,1,30.28
190.0,5,1,228.0,0.0,932.0,670.0,2,40.86
485.0,1,1,146.0,0.0,1120.0,800.0,2,71.99
374.0,4,1,170.1,10.1,926.1,756.7,1,34.4
313.3,5,1,175.5,8.6,1046.9,611.8,1,28.8
425.0,2,1,153.5,16.5,852.1,887.1,1,33.4
425.0,2,1,151.4,18.6,936.0,803.7,1,36.3
375.0,2,1,126.6,23.4,852.1,992.6,1,29.0
475.0,3,1,181.1,8.9,852.1,781.5,1,37.8
469.0,3,1,137.8,32.2,852.1,840.5,1,40.2
425.0,2,1,153.5,16.5,852.1,887.1,1,33.4
388.6,2,1,157.9,12.1,852.1,925.7,1,28.1
531.3,1,1,141.8,28.2,852.1,893.7,1,41.3
425.0,2,1,153.5,16.5,852.1,887.1,1,33.4
318.8,5,1,155.7,14.3,852.1,880.4,1,25.2
401.8,2,1,147.4,11.4,946.8,852.1,1,41.1
362.6,4,1,164.9,11.6,944.7,755.8,1,35.3
323.7,5,1,183.8,10.3,942.7,659.9,1,28.3
379.5,3,1,153.9,15.9,1134.3,605.0,1,28.6
362.6,4,1,164.9,11.6,944.7,755.8,1,35.3
286.3,5,1,144.7,11.2,1004.6,803.7,1,24.4
362.6,4,1,164.9,11.6,944.7,755.8,1,35.3
439.0,4,1,186.0,11.1,884.9,707.9,1,39.3
389.9,4,1,145.9,22.0,944.7,755.8,1,40.6
362.6,4,1,164.9,11.6,944.7,755.8,1,35.3
337.9,4,1,174.9,9.5,944.7,755.8,1,24.1
374.0,4,1,170.1,10.1,926.1,756.7,1,46.2
313.3,5,1,175.5,8.6,1046.9,611.8,1,42.8
425.0,2,1,153.5,16.5,852.1,887.1,1,49.2
425.0,2,1,151.4,18.6,936.0,803.7,1,46.8
375.0,2,1,126.6,23.4,852.1,992.6,1,45.7
475.0,3,1,181.1,8.9,852.1,781.5,1,55.6
469.0,3,1,137.8,32.2,852.1,840.5,1,54.9
425.0,2,1,153.5,16.5,852.1,887.1,1,49.2
388.6,2,1,157.9,12.1,852.1,925.7,1,34.9
531.3,1,1,141.8,28.2,852.1,893.7,1,46.9
425.0,2,1,153.5,16.5,852.1,887.1,1,49.2
318.8,5,1,155.7,14.3,852.1,880.4,1,33.4
401.8,2,1,147.4,11.4,946.8,852.1,1,54.1
362.6,4,1,164.9,11.6,944.7,755.8,1,55.9
323.7,5,1,183.8,10.3,942.7,659.9,1,49.8
379.5,3,1,153.9,15.9,1134.3,605.0,1,47.1
362.6,4,1,164.9,11.6,944.7,755.8,1,55.9
286.3,5,1,144.7,11.2,1004.6,803.7,1,38.0
362.6,4,1,164.9,11.6,944.7,755.8,1,55.9
439.0,4,1,186.0,11.1,884.9,707.9,1,56.1
389.9,4,1,145.9,22.0,944.7,755.8,1,59.09
362.6,4,1,164.9,11.6,944.7,755.8,1,22.9
337.9,4,1,174.9,9.5,944.7,755.8,1,35.1
374.0,4,1,170.1,10.1,926.1,756.7,2,61.09
313.3,5,1,175.5,8.6,1046.9,611.8,2,59.8
425.0,2,1,153.5,16.5,852.1,887.1,2,60.29
425.0,2,1,151.4,18.6,936.0,803.7,2,61.8
375.0,2,1,126.6,23.4,852.1,992.6,2,56.7
475.0,3,1,181.1,8.9,852.1,781.5,2,68.3
469.0,3,1,137.8,32.2,852.1,840.5,2,66.9
425.0,2,1,153.5,16.5,852.1,887.1,2,60.29
388.6,2,1,157.9,12.1,852.1,925.7,2,50.7
531.3,1,1,141.8,28.2,852.1,893.7,2,56.4
425.0,2,1,153.5,16.5,852.1,887.1,2,60.29
318.8,5,1,155.7,14.3,852.1,880.4,2,55.5
401.8,2,1,147.4,11.4,946.8,852.1,2,68.5
362.6,4,1,164.9,11.6,944.7,755.8,2,71.3
323.7,5,1,183.8,10.3,942.7,659.9,2,74.7
379.5,3,1,153.9,15.9,1134.3,605.0,2,52.2
362.6,4,1,164.9,11.6,944.7,755.8,2,71.3
286.3,5,1,144.7,11.2,1004.6,803.7,2,67.7
362.6,4,1,164.9,11.6,944.7,755.8,2,71.3
439.0,4,1,186.0,11.1,884.9,707.9,2,66.0
389.9,4,1,145.9,22.0,944.7,755.8,2,74.5
362.6,4,1,164.9,11.6,944.7,755.8,2,71.3
337.9,4,1,174.9,9.5,944.7,755.8,2,49.9
374.0,4,1,170.1,10.1,926.1,756.7,3,63.4
313.3,5,1,175.5,8.6,1046.9,611.8,3,64.9
425.0,2,1,153.5,16.5,852.1,887.1,3,64.3
425.0,2,1,151.4,18.6,936.0,803.7,3,64.9
375.0,2,1,126.6,23.4,852.1,992.6,3,60.2
475.0,3,1,181.1,8.9,852.1,781.5,3,72.3
469.0,3,1,137.8,32.2,852.1,840.5,3,69.3
425.0,2,1,153.5,16.5,852.1,887.1,3,64.3
388.6,2,1,157.9,12.1,852.1,925.7,3,55.2
531.3,1,1,141.8,28.2,852.1,893.7,3,58.8
425.0,2,1,153.5,16.5,852.1,887.1,3,64.3
318.8,5,1,155.7,14.3,852.1,880.4,3,66.1
401.8,2,1,147.4,11.4,946.8,852.1,3,73.7
362.6,4,1,164.9,11.6,944.7,755.8,3,77.3
323.7,5,1,183.8,10.3,942.7,659.9,3,80.2
379.5,3,1,153.9,15.9,1134.3,605.0,3,54.9
362.6,4,1,164.9,11.6,944.7,755.8,3,77.3
286.3,5,1,144.7,11.2,1004.6,803.7,3,72.99
362.6,4,1,164.9,11.6,944.7,755.8,3,77.3
439.0,4,1,186.0,11.1,884.9,707.9,3,71.7
389.9,4,1,145.9,22.0,944.7,755.8,3,79.4
362.6,4,1,164.9,11.6,944.7,755.8,3,77.3
337.9,4,1,174.9,9.5,944.7,755.8,3,59.89
374.0,4,1,170.1,10.1,926.1,756.7,4,64.9
313.3,5,1,175.5,8.6,1046.9,611.8,4,66.6
425.0,2,1,153.5,16.5,852.1,887.1,4,65.2
425.0,2,1,151.4,18.6,936.0,803.7,4,66.7
375.0,2,1,126.6,23.4,852.1,992.6,4,62.5
475.0,3,1,181.1,8.9,852.1,781.5,4,74.19
469.0,3,1,137.8,32.2,852.1,840.5,4,70.7
425.0,2,1,153.5,16.5,852.1,887.1,4,65.2
388.6,2,1,157.9,12.1,852.1,925.7,4,57.6
531.3,1,1,141.8,28.2,852.1,893.7,4,59.2
425.0,2,1,153.5,16.5,852.1,887.1,4,65.2
318.8,5,1,155.7,14.3,852.1,880.4,4,68.1
401.8,2,1,147.4,11.4,946.8,852.1,4,75.5
362.6,4,1,164.9,11.6,944.7,755.8,4,79.3
379.5,3,1,153.9,15.9,1134.3,605.0,4,56.5
362.6,4,1,164.9,11.6,944.7,755.8,4,79.3
286.3,5,1,144.7,11.2,1004.6,803.7,4,76.8
362.6,4,1,164.9,11.6,944.7,755.8,4,79.3
439.0,4,1,186.0,11.1,884.9,707.9,4,73.3
389.9,4,1,145.9,22.0,944.7,755.8,4,82.6
362.6,4,1,164.9,11.6,944.7,755.8,4,79.3
337.9,4,1,174.9,9.5,944.7,755.8,4,67.8
222.4,1,2,189.3,4.5,967.1,870.3,1,11.58
222.4,1,2,189.3,4.5,967.1,870.3,2,24.45
222.4,1,2,189.3,4.5,967.1,870.3,2,24.89
222.4,1,2,189.3,4.5,967.1,870.3,3,29.45
222.4,1,2,189.3,4.5,967.1,870.3,5,40.71
233.8,1,2,197.9,4.6,947.0,852.2,1,10.38
233.8,1,2,197.9,4.6,947.0,852.2,2,22.14
233.8,1,2,197.9,4.6,947.0,852.2,2,22.84
233.8,1,2,197.9,4.6,947.0,852.2,3,27.66
233.8,1,2,197.9,4.6,947.0,852.2,5,34.56
194.7,1,3,165.6,7.5,1006.4,905.9,1,12.45
194.7,1,3,165.6,7.5,1006.4,905.9,2,24.99
194.7,1,3,165.6,7.5,1006.4,905.9,2,25.72
194.7,1,3,165.6,7.5,1006.4,905.9,3,33.96
194.7,1,3,165.6,7.5,1006.4,905.9,5,37.34
190.7,1,4,162.1,7.8,1090.0,804.0,1,15.04
190.7,1,4,162.1,7.8,1090.0,804.0,2,21.06
190.7,1,4,162.1,7.8,1090.0,804.0,2,26.4
190.7,1,4,162.1,7.8,1090.0,804.0,3,35.34
190.7,1,4,162.1,7.8,1090.0,804.0,5,40.57
212.1,1,4,180.3,5.7,1057.6,779.3,1,12.47
212.1,1,4,180.3,5.7,1057.6,779.3,2,20.92
212.1,1,4,180.3,5.7,1057.6,779.3,2,24.9
212.1,1,4,180.3,5.7,1057.6,779.3,3,34.2
212.1,1,4,180.3,5.7,1057.6,779.3,5,39.61
230.0,1,3,195.5,4.6,1029.4,758.6,1,10.03
230.0,1,3,195.5,4.6,1029.4,758.6,2,20.08
230.0,1,3,195.5,4.6,1029.4,758.6,2,24.48
230.0,1,3,195.5,4.6,1029.4,758.6,3,31.54
230.0,1,3,195.5,4.6,1029.4,758.6,5,35.34
190.3,1,4,161.9,9.9,1088.1,802.6,1,9.45
190.3,1,4,161.9,9.9,1088.1,802.6,2,22.72
190.3,1,4,161.9,9.9,1088.1,802.6,2,28.47
190.3,1,4,161.9,9.9,1088.1,802.6,3,38.56
190.3,1,4,161.9,9.9,1088.1,802.6,5,40.39
166.1,1,5,176.5,4.5,1058.6,780.1,1,10.76
166.1,1,5,176.5,4.5,1058.6,780.1,2,25.48
166.1,1,5,176.5,4.5,1058.6,780.1,2,21.54
166.1,1,5,176.5,4.5,1058.6,780.1,3,28.63
166.1,1,5,176.5,4.5,1058.6,780.1,5,33.54
168.0,1,5,121.8,5.7,1058.7,780.1,1,7.75
168.0,1,5,121.8,5.7,1058.7,780.1,2,17.82
168.0,1,5,121.8,5.7,1058.7,780.1,2,24.24
168.0,1,5,121.8,5.7,1058.7,780.1,3,32.85
168.0,1,5,121.8,5.7,1058.7,780.1,5,39.23
213.7,2,1,181.7,6.9,1065.8,785.4,1,18.0
213.7,2,1,181.7,6.9,1065.8,785.4,2,30.39
213.7,2,1,181.7,6.9,1065.8,785.4,2,45.71
213.7,2,1,181.7,6.9,1065.8,785.4,3,50.77
213.7,2,1,181.7,6.9,1065.8,785.4,5,53.9
213.8,2,1,181.7,6.7,1066.0,785.5,1,13.18
213.8,2,1,181.7,6.7,1066.0,785.5,2,17.84
213.8,2,1,181.7,6.7,1066.0,785.5,2,40.23
213.8,2,1,181.7,6.7,1066.0,785.5,3,47.13
213.8,2,1,181.7,6.7,1066.0,785.5,5,49.97
229.7,1,3,195.2,6.1,1028.1,757.6,1,13.36
229.7,1,3,195.2,6.1,1028.1,757.6,2,22.32
229.7,1,3,195.2,6.1,1028.1,757.6,2,24.54
229.7,1,3,195.2,6.1,1028.1,757.6,3,31.35
229.7,1,3,195.2,6.1,1028.1,757.6,5,40.86
238.1,1,2,186.7,7.0,949.9,847.0,1,19.93
238.1,1,2,186.7,7.0,949.9,847.0,2,25.69
238.1,1,2,186.7,7.0,949.9,847.0,2,30.23
238.1,1,2,186.7,7.0,949.9,847.0,3,39.59
238.1,1,2,186.7,7.0,949.9,847.0,5,44.3
250.0,1,2,187.4,5.5,956.9,861.2,1,13.82
250.0,1,2,187.4,5.5,956.9,861.2,2,24.92
250.0,1,2,187.4,5.5,956.9,861.2,2,29.22
250.0,1,2,187.4,5.5,956.9,861.2,3,38.33
250.0,1,2,187.4,5.5,956.9,861.2,5,42.35
212.5,1,3,159.3,8.7,1007.8,903.6,1,13.54
212.5,1,3,159.3,8.7,1007.8,903.6,2,26.31
212.5,1,3,159.3,8.7,1007.8,903.6,2,31.64
212.5,1,3,159.3,8.7,1007.8,903.6,3,42.55
212.5,1,3,159.3,8.7,1007.8,903.6,5,42.92
212.6,1,3,159.4,10.4,1003.8,903.8,1,13.33
212.6,1,3,159.4,10.4,1003.8,903.8,2,25.37
212.6,1,3,159.4,10.4,1003.8,903.8,2,37.4
212.6,1,3,159.4,10.4,1003.8,903.8,3,44.4
212.6,1,3,159.4,10.4,1003.8,903.8,5,47.74
212.0,1,4,159.0,7.8,1085.4,799.5,1,19.52
212.0,1,4,159.0,7.8,1085.4,799.5,2,31.35
212.0,1,4,159.0,7.8,1085.4,799.5,2,38.5
212.0,1,4,159.0,7.8,1085.4,799.5,3,45.08
212.0,1,4,159.0,7.8,1085.4,799.5,5,47.82
231.8,1,4,174.0,6.7,1056.4,778.5,1,15.44
231.8,1,4,174.0,6.7,1056.4,778.5,2,26.77
231.8,1,4,174.0,6.7,1056.4,778.5,2,33.73
231.8,1,4,174.0,6.7,1056.4,778.5,3,42.7
231.8,1,4,174.0,6.7,1056.4,778.5,5,45.84
251.4,1,3,188.5,5.8,1028.4,757.7,1,17.22
251.4,1,3,188.5,5.8,1028.4,757.7,2,29.93
251.4,1,3,188.5,5.8,1028.4,757.7,2,29.65
251.4,1,3,188.5,5.8,1028.4,757.7,3,36.97
251.4,1,3,188.5,5.8,1028.4,757.7,5,43.58
251.4,1,3,188.5,6.4,1028.4,757.7,1,13.12
251.4,1,3,188.5,6.4,1028.4,757.7,2,24.43
251.4,1,3,188.5,6.4,1028.4,757.7,2,32.66
251.4,1,3,188.5,6.4,1028.4,757.7,3,36.64
251.4,1,3,188.5,6.4,1028.4,757.7,5,44.21
181.4,1,5,169.6,7.6,1055.6,777.8,1,13.62
181.4,1,5,169.6,7.6,1055.6,777.8,2,21.6
181.4,1,5,169.6,7.6,1055.6,777.8,2,27.77
181.4,1,5,169.6,7.6,1055.6,777.8,3,35.57
181.4,1,5,169.6,7.6,1055.6,777.8,5,45.37
182.0,1,4,170.2,8.2,1059.4,780.7,1,7.32
182.0,1,4,170.2,8.2,1059.4,780.7,2,21.5
182.0,1,4,170.2,8.2,1059.4,780.7,2,31.27
182.0,1,4,170.2,8.2,1059.4,780.7,3,43.5
182.0,1,4,170.2,8.2,1059.4,780.7,5,48.67
168.9,1,4,158.3,10.8,1080.8,796.2,1,7.4
168.9,1,4,158.3,10.8,1080.8,796.2,2,23.51
168.9,1,4,158.3,10.8,1080.8,796.2,2,31.12
168.9,1,4,158.3,10.8,1080.8,796.2,3,39.15
168.9,1,4,158.3,10.8,1080.8,796.2,5,48.15
290.4,1,2,168.1,9.4,961.2,865.0,1,22.5
290.4,1,2,168.1,9.4,961.2,865.0,2,34.67
290.4,1,2,168.1,9.4,961.2,865.0,2,34.74
290.4,1,2,168.1,9.4,961.2,865.0,3,45.08
290.4,1,2,168.1,9.4,961.2,865.0,5,48.97
277.1,1,2,160.6,11.8,973.9,875.6,1,23.14
277.1,1,2,160.6,11.8,973.9,875.6,2,41.89
277.1,1,2,160.6,11.8,973.9,875.6,2,48.28
277.1,1,2,160.6,11.8,973.9,875.6,3,51.04
277.1,1,2,160.6,11.8,973.9,875.6,5,55.64
295.7,1,2,171.5,8.9,955.1,859.2,1,22.95
295.7,1,2,171.5,8.9,955.1,859.2,2,35.23
295.7,1,2,171.5,8.9,955.1,859.2,2,39.94
295.7,1,2,171.5,8.9,955.1,859.2,3,48.72
295.7,1,2,171.5,8.9,955.1,859.2,5,52.04
251.8,1,3,146.1,12.4,1006.0,899.8,1,21.02
251.8,1,3,146.1,12.4,1006.0,899.8,2,33.36
251.8,1,3,146.1,12.4,1006.0,899.8,2,33.94
251.8,1,3,146.1,12.4,1006.0,899.8,3,44.14
251.8,1,3,146.1,12.4,1006.0,899.8,5,45.37
249.1,1,2,158.1,12.8,987.8,889.0,1,15.36
249.1,1,2,158.1,12.8,987.8,889.0,2,28.68
249.1,1,2,158.1,12.8,987.8,889.0,2,30.85
249.1,1,2,158.1,12.8,987.8,889.0,3,42.03
249.1,1,2,158.1,12.8,987.8,889.0,5,51.06
252.3,1,2,146.3,14.2,987.8,889.0,1,21.78
252.3,1,2,146.3,14.2,987.8,889.0,2,42.29
252.3,1,2,146.3,14.2,987.8,889.0,2,50.6
252.3,1,2,146.3,14.2,987.8,889.0,3,55.83
252.3,1,2,146.3,14.2,987.8,889.0,5,60.95
246.8,1,4,143.3,12.0,1086.8,800.9,1,23.52
246.8,1,4,143.3,12.0,1086.8,800.9,2,42.22
246.8,1,4,143.3,12.0,1086.8,800.9,2,52.5
246.8,1,4,143.3,12.0,1086.8,800.9,3,60.32
246.8,1,4,143.3,12.0,1086.8,800.9,5,66.42
275.1,1,3,159.5,9.9,1053.6,777.5,1,23.8
275.1,1,3,159.5,9.9,1053.6,777.5,2,38.77
275.1,1,3,159.5,9.9,1053.6,777.5,2,51.33
275.1,1,3,159.5,9.9,1053.6,777.5,3,56.85
275.1,1,3,159.5,9.9,1053.6,777.5,5,58.61
297.2,1,3,174.8,9.5,1022.8,753.5,1,21.91
297.2,1,3,174.8,9.5,1022.8,753.5,2,36.99
297.2,1,3,174.8,9.5,1022.8,753.5,2,47.4
297.2,1,3,174.8,9.5,1022.8,753.5,3,51.96
297.2,1,3,174.8,9.5,1022.8,753.5,5,56.74
213.7,1,5,154.8,10.2,1053.5,776.4,1,17.57
213.7,1,5,154.8,10.2,1053.5,776.4,2,33.73
213.7,1,5,154.8,10.2,1053.5,776.4,2,40.15
213.7,1,5,154.8,10.2,1053.5,776.4,3,46.64
213.7,1,5,154.8,10.2,1053.5,776.4,5,50.08
213.5,1,5,154.6,11.7,1052.3,775.5,1,17.37
213.5,1,5,154.6,11.7,1052.3,775.5,2,33.7
213.5,1,5,154.6,11.7,1052.3,775.5,2,45.94
213.5,1,5,154.6,11.7,1052.3,775.5,3,51.43
213.5,1,5,154.6,11.7,1052.3,775.5,5,59.3
277.2,2,1,160.7,11.2,1061.7,782.5,1,30.45
277.2,2,1,160.7,11.2,1061.7,782.5,2,47.71
277.2,2,1,160.7,11.2,1061.7,782.5,2,63.14
277.2,2,1,160.7,11.2,1061.7,782.5,3,66.82
277.2,2,1,160.7,11.2,1061.7,782.5,5,66.95
218.2,2,4,140.8,11.9,1075.7,792.7,1,27.42
218.2,2,4,140.8,11.9,1075.7,792.7,2,35.96
218.2,2,4,140.8,11.9,1075.7,792.7,2,55.51
218.2,2,4,140.8,11.9,1075.7,792.7,3,61.99
218.2,2,4,140.8,11.9,1075.7,792.7,5,63.53
214.9,1,4,155.6,9.6,1014.3,780.6,1,18.02
214.9,1,4,155.6,9.6,1014.3,780.6,2,38.6
214.9,1,4,155.6,9.6,1014.3,780.6,2,52.2
214.9,1,4,155.6,9.6,1014.3,780.6,3,53.96
214.9,1,4,155.6,9.6,1014.3,780.6,5,56.63
218.9,1,4,158.5,11.3,1078.7,794.9,1,15.34
218.9,1,4,158.5,11.3,1078.7,794.9,2,26.05
218.9,1,4,158.5,11.3,1078.7,794.9,2,30.22
218.9,1,4,158.5,11.3,1078.7,794.9,3,37.27
218.9,1,4,158.5,11.3,1078.7,794.9,5,46.23
376.0,1,1,214.6,0.0,1003.5,762.4,1,16.28
376.0,1,1,214.6,0.0,1003.5,762.4,2,25.62
376.0,1,1,214.6,0.0,1003.5,762.4,2,31.97
376.0,1,1,214.6,0.0,1003.5,762.4,3,36.3
376.0,1,1,214.6,0.0,1003.5,762.4,5,43.06
500.0,1,1,140.0,4.0,966.0,853.0,2,67.57
475.0,1,2,142.0,1.9,1098.0,641.0,2,57.23
315.0,3,1,145.0,5.9,1130.0,745.0,2,81.75
505.0,1,2,195.0,0.0,1030.0,630.0,2,64.02
451.0,1,1,165.0,11.3,1030.0,745.0,2,78.8
516.0,1,1,162.0,8.2,801.0,802.0,2,41.37
520.0,1,1,170.0,5.2,855.0,855.0,2,60.28
528.0,1,1,185.0,6.9,920.0,720.0,2,56.83
520.0,1,1,175.0,5.2,870.0,805.0,2,51.02
385.0,1,4,158.0,20.0,903.0,768.0,2,55.55
500.1,1,1,200.0,3.0,1124.4,613.2,2,44.13
450.1,1,1,200.0,3.0,1124.4,613.2,2,39.38
397.0,1,5,167.0,20.8,967.0,633.0,2,55.65
333.0,1,5,167.0,17.9,996.0,652.0,2,47.28
334.0,1,5,189.0,15.3,967.0,633.0,2,44.33
405.0,1,1,175.0,0.0,1120.0,695.0,2,52.3
200.0,5,1,190.0,0.0,1145.0,660.0,2,49.25
516.0,1,1,162.0,8.3,801.0,802.0,2,41.37
145.0,2,3,184.0,5.7,833.0,880.0,2,29.16
160.0,3,4,182.0,6.4,824.0,879.0,2,39.4
234.0,4,1,189.0,5.9,981.0,760.0,2,39.3
250.0,4,2,159.0,9.5,860.0,800.0,2,67.87
475.0,1,1,162.0,9.5,1044.0,662.0,2,58.52
285.0,5,1,163.0,7.6,1031.0,685.0,2,53.58
356.0,3,1,160.0,9.0,1061.0,657.0,2,59.0
275.0,4,3,162.0,10.4,830.0,765.0,2,76.24
500.0,1,1,151.0,9.0,1033.0,655.0,2,69.84
165.0,1,5,163.8,0.0,1005.6,900.9,1,14.4
165.0,3,4,175.1,8.1,1005.8,746.6,1,19.42
178.0,3,3,179.9,3.6,1007.3,746.8,1,20.73
167.4,3,4,175.5,7.8,1006.3,746.6,1,14.94
172.4,1,5,156.8,4.1,1006.3,856.4,1,21.29
173.5,1,5,164.8,6.5,1006.2,793.5,1,23.08
167.0,2,5,164.0,7.9,1007.3,770.1,1,15.52
173.8,2,5,172.3,9.7,1007.2,746.6,1,15.82
190.3,1,4,166.6,9.9,1079.0,798.9,1,12.55
250.0,1,2,191.8,5.3,948.9,857.2,1,8.49
213.5,1,5,159.2,11.7,1043.6,771.9,1,15.61
194.7,1,3,170.2,7.5,998.0,901.8,1,12.18
251.4,1,3,192.9,5.8,1043.6,754.3,1,11.98
165.0,1,5,163.8,0.0,1005.6,900.9,2,16.88
165.0,3,4,175.1,8.1,1005.8,746.6,2,33.09
178.0,3,3,179.9,3.6,1007.3,746.8,2,34.24
167.4,3,4,175.5,7.8,1006.3,746.6,2,31.81
172.4,1,5,156.8,4.1,1006.3,856.4,2,29.75
173.5,1,5,164.8,6.5,1006.2,793.5,2,33.01
167.0,2,5,164.0,7.9,1007.3,770.1,2,32.9
173.8,2,5,172.3,9.7,1007.2,746.6,2,29.55
190.3,1,4,166.6,9.9,1079.0,798.9,2,19.42
250.0,1,2,191.8,5.3,948.9,857.2,2,24.66
213.5,1,5,159.2,11.7,1043.6,771.9,2,29.59
194.7,1,3,170.2,7.5,998.0,901.8,2,24.28
251.4,1,3,192.9,5.8,1043.6,754.3,2,20.73
165.0,1,5,163.8,0.0,1005.6,900.9,2,26.2
165.0,3,4,175.1,8.1,1005.8,746.6,2,46.39
178.0,3,3,179.9,3.6,1007.3,746.8,2,39.16
167.4,3,4,175.5,7.8,1006.3,746.6,2,41.2
172.4,1,5,156.8,4.1,1006.3,856.4,2,33.69
173.5,1,5,164.8,6.5,1006.2,793.5,2,38.2
167.0,2,5,164.0,7.9,1007.3,770.1,2,41.41
173.8,2,5,172.3,9.7,1007.2,746.6,2,37.81
190.3,1,4,166.6,9.9,1079.0,798.9,2,24.85
250.0,1,2,191.8,5.3,948.9,857.2,2,27.22
213.5,1,5,159.2,11.7,1043.6,771.9,2,44.64
194.7,1,3,170.2,7.5,998.0,901.8,2,37.27
251.4,1,3,192.9,5.8,1043.6,754.3,2,33.27
165.0,1,5,163.8,0.0,1005.6,900.9,3,36.56
165.0,3,4,175.1,8.1,1005.8,746.6,3,53.72
178.0,3,3,179.9,3.6,1007.3,746.8,3,48.59
167.4,3,4,175.5,7.8,1006.3,746.6,3,51.72
172.4,1,5,156.8,4.1,1006.3,856.4,3,35.85
173.5,1,5,164.8,6.5,1006.2,793.5,3,53.77
167.0,2,5,164.0,7.9,1007.3,770.1,3,53.46
173.8,2,5,172.3,9.7,1007.2,746.6,3,48.99
190.3,1,4,166.6,9.9,1079.0,798.9,3,31.72
250.0,1,2,191.8,5.3,948.9,857.2,3,39.64
213.5,1,5,159.2,11.7,1043.6,771.9,3,51.26
194.7,1,3,170.2,7.5,998.0,901.8,3,43.39
251.4,1,3,192.9,5.8,1043.6,754.3,3,39.27
165.0,1,5,163.8,0.0,1005.6,900.9,5,37.96
165.0,3,4,175.1,8.1,1005.8,746.6,5,55.02
178.0,3,3,179.9,3.6,1007.3,746.8,5,49.99
167.4,3,4,175.5,7.8,1006.3,746.6,5,53.66
172.4,1,5,156.8,4.1,1006.3,856.4,5,37.68
173.5,1,5,164.8,6.5,1006.2,793.5,5,56.06
167.0,2,5,164.0,7.9,1007.3,770.1,5,56.81
173.8,2,5,172.3,9.7,1007.2,746.6,5,50.94
190.3,1,4,166.6,9.9,1079.0,798.9,5,33.56
250.0,1,2,191.8,5.3,948.9,857.2,5,41.16
213.5,1,5,159.2,11.7,1043.6,771.9,5,52.96
194.7,1,3,170.2,7.5,998.0,901.8,5,44.28
251.4,1,3,192.9,5.8,1043.6,754.3,5,40.15
446.0,1,2,162.0,11.6,967.0,712.0,2,57.03
446.0,1,2,162.0,11.6,967.0,712.0,2,44.42
446.0,1,2,162.0,11.6,967.0,712.0,2,51.02
446.0,1,2,162.0,10.3,967.0,712.0,2,53.39
446.0,1,2,162.0,11.6,967.0,712.0,1,35.36
446.0,1,2,162.0,11.6,967.0,712.0,1,25.02
446.0,1,2,162.0,11.6,967.0,712.0,1,23.35
446.0,1,2,162.0,11.6,967.0,712.0,1,52.01
446.0,1,2,162.0,11.6,967.0,712.0,1,38.02
446.0,1,2,162.0,11.6,967.0,712.0,1,39.3
446.0,1,2,162.0,11.6,967.0,712.0,3,61.07
446.0,1,2,162.0,11.6,967.0,712.0,3,56.14
446.0,1,2,162.0,11.6,967.0,712.0,3,55.25
446.0,1,2,162.0,10.3,967.0,712.0,3,54.77
387.0,1,2,157.0,14.3,938.0,845.0,2,50.24
387.0,1,2,157.0,13.9,938.0,845.0,2,46.68
387.0,1,2,157.0,11.6,938.0,845.0,2,46.68
387.0,1,2,157.0,14.3,938.0,845.0,1,22.75
387.0,1,2,157.0,13.9,938.0,845.0,1,25.51
387.0,1,2,157.0,11.6,938.0,845.0,1,34.77
387.0,1,2,157.0,14.3,938.0,845.0,1,36.84
387.0,1,2,157.0,13.9,938.0,845.0,1,45.9
387.0,1,2,157.0,11.6,938.0,845.0,1,41.67
387.0,1,2,157.0,14.3,938.0,845.0,3,56.34
387.0,1,2,157.0,13.9,938.0,845.0,3,47.97
387.0,1,2,157.0,11.6,938.0,845.0,3,61.46
355.0,1,2,145.0,13.1,967.0,871.0,2,44.03
355.0,1,2,145.0,12.3,967.0,871.0,2,55.45
491.0,1,4,210.0,3.9,882.0,699.0,2,55.55
491.0,1,4,201.0,3.9,822.0,699.0,2,57.92
491.0,1,4,210.0,3.9,882.0,699.0,1,25.61
491.0,1,4,210.0,3.9,882.0,699.0,1,33.49
491.0,1,4,210.0,3.9,882.0,699.0,3,59.59
491.0,1,4,201.0,3.9,822.0,699.0,1,29.55
491.0,1,4,201.0,3.9,822.0,699.0,1,37.92
491.0,1,4,201.0,3.9,822.0,699.0,3,61.86
424.0,1,4,178.0,8.5,822.0,750.0,2,62.05
424.0,1,4,178.0,8.5,882.0,750.0,1,32.01
424.0,1,4,168.0,8.9,822.0,750.0,2,72.1
424.0,1,4,178.0,8.5,822.0,750.0,1,39.0
424.0,1,4,178.0,8.5,822.0,750.0,3,65.7
424.0,1,4,168.0,8.9,822.0,750.0,1,32.11
424.0,1,4,168.0,8.9,822.0,750.0,1,40.29
424.0,1,4,168.0,8.9,822.0,750.0,3,74.36
202.0,1,4,206.0,1.7,942.0,801.0,2,21.97
202.0,1,4,206.0,1.7,942.0,801.0,1,9.85
202.0,1,4,206.0,1.7,942.0,801.0,1,15.07
202.0,1,4,206.0,1.7,942.0,801.0,3,23.25
284.0,1,4,179.0,5.5,842.0,801.0,2,43.73
284.0,1,4,179.0,5.5,842.0,801.0,1,13.4
284.0,1,4,179.0,5.5,842.0,801.0,1,24.13
284.0,1,4,179.0,5.5,842.0,801.0,3,44.52
359.0,1,4,154.0,10.9,942.0,801.0,2,62.94
359.0,1,4,154.0,10.9,942.0,801.0,2,59.49
359.0,1,4,154.0,10.9,942.0,801.0,1,25.12
359.0,1,4,154.0,10.9,942.0,801.0,1,23.64
359.0,1,4,154.0,10.9,942.0,801.0,1,35.75
359.0,1,4,154.0,10.9,942.0,801.0,1,38.61
359.0,1,4,154.0,10.9,942.0,801.0,3,68.75
359.0,1,4,154.0,10.9,942.0,801.0,3,66.78
436.0,1,1,218.0,0.0,838.4,719.7,2,23.85
289.0,1,1,192.0,0.0,913.2,895.3,4,32.07
289.0,1,1,192.0,0.0,913.2,895.3,1,11.65
393.0,1,1,192.0,0.0,940.6,785.6,1,19.2
393.0,1,1,192.0,0.0,940.6,785.6,4,48.85
393.0,1,1,192.0,0.0,940.6,785.6,2,39.6
480.0,1,1,192.0,0.0,936.2,712.2,2,43.94
480.0,1,1,192.0,0.0,936.2,712.2,1,34.57
480.0,1,1,192.0,0.0,936.2,712.2,4,54.32
480.0,1,1,192.0,0.0,936.2,712.2,1,24.4
333.0,1,1,192.0,0.0,931.2,842.6,1,15.62
255.0,1,1,192.0,0.0,889.8,945.0,4,21.86
255.0,1,1,192.0,0.0,889.8,945.0,1,10.22
289.0,1,1,192.0,0.0,913.2,895.3,1,14.6
255.0,1,1,192.0,0.0,889.8,945.0,2,18.75
333.0,1,1,192.0,0.0,931.2,842.6,2,31.97
333.0,1,1,192.0,0.0,931.2,842.6,1,23.4
289.0,1,1,192.0,0.0,913.2,895.3,2,25.57
333.0,1,1,192.0,0.0,931.2,842.6,4,41.68
393.0,1,1,192.0,0.0,940.6,785.6,1,27.74
255.0,1,1,192.0,0.0,889.8,945.0,1,8.2
158.8,5,1,185.7,0.0,1040.6,734.3,1,9.62
239.6,5,1,185.7,0.0,941.6,664.3,1,25.42
238.2,4,1,185.7,0.0,1040.6,734.3,1,15.69
181.9,5,1,185.7,0.0,1012.4,714.3,2,27.94
193.5,5,1,185.7,0.0,998.2,704.3,2,32.63
255.5,4,1,185.7,0.0,1026.6,724.3,1,17.24
272.8,4,1,185.7,0.0,1012.4,714.3,1,19.77
239.6,5,1,185.7,0.0,941.6,664.3,2,39.44
220.8,3,1,185.7,0.0,1055.0,744.3,2,25.75
397.0,1,1,185.7,0.0,1040.6,734.3,2,33.08
382.5,1,1,185.7,0.0,1047.8,739.3,1,24.07
210.7,5,1,185.7,0.0,977.0,689.3,1,21.82
158.8,5,1,185.7,0.0,1040.6,734.3,2,21.07
295.8,1,1,185.7,0.0,1091.4,769.3,1,14.84
255.5,4,1,185.7,0.0,1026.6,724.3,2,32.05
203.5,3,1,185.7,0.0,1076.2,759.3,1,11.96
397.0,1,1,185.7,0.0,1040.6,734.3,1,25.45
381.4,1,1,185.7,0.0,1104.6,784.3,2,22.49
295.8,1,1,185.7,0.0,1091.4,769.3,2,25.22
228.0,5,1,185.7,0.0,955.8,674.3,2,39.7
220.8,3,1,185.7,0.0,1055.0,744.3,1,13.09
316.1,5,1,185.7,0.0,977.0,689.3,2,38.7
135.7,5,1,185.7,0.0,1076.2,759.3,1,7.51
238.1,1,1,185.7,0.0,1118.8,789.3,2,17.58
339.2,1,1,185.7,0.0,1069.2,754.3,1,21.18
135.7,5,1,185.7,0.0,1076.2,759.3,2,18.2
193.5,5,1,185.7,0.0,998.2,704.3,1,17.2
203.5,3,1,185.7,0.0,1076.2,759.3,2,22.63
290.2,5,1,185.7,0.0,998.2,704.3,1,21.86
181.9,5,1,185.7,0.0,1012.4,714.3,1,12.37
170.3,4,1,185.7,0.0,1026.6,724.3,2,25.73
210.7,5,1,185.7,0.0,977.0,689.3,2,37.81
228.0,5,1,185.7,0.0,955.8,674.3,1,21.92
290.2,5,1,185.7,0.0,998.2,704.3,2,33.04
381.4,1,1,185.7,0.0,1104.6,784.3,1,14.54
238.2,4,1,185.7,0.0,1040.6,734.3,2,26.91
186.2,3,1,185.7,0.0,1083.4,764.3,1,8.0
339.2,1,1,185.7,0.0,1069.2,754.3,2,31.9
238.1,1,1,185.7,0.0,1118.8,789.3,1,10.34
252.5,1,1,185.7,0.0,1111.6,784.3,2,19.77
382.5,1,1,185.7,0.0,1047.8,739.3,2,37.44
252.5,1,1,185.7,0.0,1111.6,784.3,1,11.48
316.1,5,1,185.7,0.0,977.0,689.3,1,24.44
186.2,3,1,185.7,0.0,1083.4,764.3,2,17.6
170.3,4,1,185.7,0.0,1026.6,724.3,1,10.73
272.8,4,1,185.7,0.0,1012.4,714.3,2,31.38
339.0,1,1,197.0,0.0,968.0,781.0,1,13.22
339.0,1,1,197.0,0.0,968.0,781.0,1,20.97
339.0,1,1,197.0,0.0,968.0,781.0,2,27.04
339.0,1,1,197.0,0.0,968.0,781.0,2,32.04
339.0,1,1,197.0,0.0,968.0,781.0,4,35.17
339.0,1,1,197.0,0.0,968.0,781.0,5,36.45
339.0,1,1,197.0,0.0,968.0,781.0,5,38.89
236.0,1,1,194.0,0.0,968.0,885.0,1,6.47
236.0,1,1,194.0,0.0,968.0,885.0,2,12.84
236.0,1,1,194.0,0.0,968.0,885.0,2,18.42
236.0,1,1,194.0,0.0,968.0,885.0,4,21.95
236.0,1,1,193.0,0.0,968.0,885.0,5,24.1
236.0,1,1,193.0,0.0,968.0,885.0,5,25.08
277.0,1,1,191.0,0.0,968.0,856.0,2,21.26
277.0,1,1,191.0,0.0,968.0,856.0,2,25.97
277.0,1,1,191.0,0.0,968.0,856.0,1,11.36
277.0,1,1,191.0,0.0,968.0,856.0,4,31.25
277.0,1,1,191.0,0.0,968.0,856.0,5,32.33
277.0,1,1,191.0,0.0,968.0,856.0,5,33.7
254.0,1,1,198.0,0.0,968.0,863.0,1,9.31
254.0,1,1,198.0,0.0,968.0,863.0,4,26.94
254.0,1,1,198.0,0.0,968.0,863.0,5,27.63
254.0,1,1,198.0,0.0,968.0,863.0,5,29.79
307.0,1,1,193.0,0.0,968.0,812.0,5,34.49
307.0,1,1,193.0,0.0,968.0,812.0,5,36.15
307.0,1,1,193.0,0.0,968.0,812.0,1,12.54
307.0,1,1,193.0,0.0,968.0,812.0,2,27.53
307.0,1,1,193.0,0.0,968.0,812.0,4,32.92
236.0,1,1,193.0,0.0,968.0,885.0,1,9.99
200.0,1,1,180.0,0.0,1125.0,845.0,1,7.84
200.0,1,1,180.0,0.0,1125.0,845.0,2,12.25
225.0,1,1,181.0,0.0,1113.0,833.0,1,11.17
225.0,1,1,181.0,0.0,1113.0,833.0,2,17.34
325.0,1,1,184.0,0.0,1063.0,783.0,1,17.54
325.0,1,1,184.0,0.0,1063.0,783.0,2,30.57
275.0,1,1,183.0,0.0,1088.0,808.0,1,14.2
275.0,1,1,183.0,0.0,1088.0,808.0,2,24.5
300.0,1,1,184.0,0.0,1075.0,795.0,1,15.58
300.0,1,1,184.0,0.0,1075.0,795.0,2,26.85
375.0,1,1,186.0,0.0,1038.0,758.0,1,26.06
375.0,1,1,186.0,0.0,1038.0,758.0,2,38.21
400.0,1,1,187.0,0.0,1025.0,745.0,2,43.7
400.0,1,1,187.0,0.0,1025.0,745.0,1,30.14
250.0,1,1,182.0,0.0,1100.0,820.0,1,12.73
250.0,1,1,182.0,0.0,1100.0,820.0,2,20.87
350.0,1,1,186.0,0.0,1050.0,770.0,1,20.28
350.0,1,1,186.0,0.0,1050.0,770.0,2,34.29
203.5,5,1,203.5,0.0,963.4,630.0,1,19.54
250.2,4,1,203.5,0.0,977.6,694.1,4,47.71
157.0,5,1,192.0,0.0,935.4,781.2,4,43.38
141.3,5,1,203.5,0.0,971.8,748.5,2,29.89
166.8,5,1,203.5,0.0,975.6,692.6,1,6.9
122.6,4,1,203.5,0.0,958.2,800.1,4,33.19
183.9,3,1,203.5,0.0,959.2,800.0,1,4.9
102.0,4,1,192.0,0.0,887.0,942.0,1,4.57
102.0,4,1,192.0,0.0,887.0,942.0,4,25.46
122.6,4,1,203.5,0.0,958.2,800.1,2,24.29
166.8,5,1,203.5,0.0,975.6,692.6,2,33.95
200.0,3,1,192.0,0.0,965.4,806.2,1,11.41
108.3,4,1,203.5,0.0,938.2,849.0,2,20.59
305.3,5,1,203.5,0.0,965.4,631.0,1,25.89
108.3,4,1,203.5,0.0,938.2,849.0,4,29.23
116.0,4,1,192.0,0.0,909.8,891.9,4,31.02
141.3,5,1,203.5,0.0,971.8,748.5,1,10.39
157.0,5,1,192.0,0.0,935.4,781.2,2,33.66
133.0,5,1,192.0,0.0,927.4,839.2,2,27.87
250.2,4,1,203.5,0.0,977.6,694.1,1,19.35
173.0,2,1,192.0,0.0,946.8,856.8,1,11.39
192.0,5,1,192.0,0.0,929.8,716.1,1,12.79
192.0,5,1,192.0,0.0,929.8,716.1,2,39.32
153.0,2,1,192.0,0.0,888.0,943.1,1,4.78
288.0,5,1,192.0,0.0,932.0,717.8,1,16.11
305.3,5,1,203.5,0.0,965.4,631.0,2,43.38
236.0,4,1,192.0,0.0,972.6,749.1,1,20.42
173.0,2,1,192.0,0.0,946.8,856.8,1,6.94
212.0,3,1,203.5,0.0,973.4,750.0,1,15.03
236.0,4,1,192.0,0.0,972.6,749.1,1,13.57
183.9,3,1,203.5,0.0,959.2,800.0,4,32.53
166.8,5,1,203.5,0.0,975.6,692.6,1,15.75
102.0,4,1,192.0,0.0,887.0,942.0,1,7.68
288.0,5,1,192.0,0.0,932.0,717.8,2,38.8
212.0,3,1,203.5,0.0,973.4,750.0,2,33.0
102.0,4,1,192.0,0.0,887.0,942.0,2,17.28
173.0,2,1,192.0,0.0,946.8,856.8,2,24.28
183.9,3,1,203.5,0.0,959.2,800.0,2,24.05
133.0,5,1,192.0,0.0,927.4,839.2,4,36.59
192.0,5,1,192.0,0.0,929.8,716.1,4,50.73
133.0,5,1,192.0,0.0,927.4,839.2,1,13.66
305.3,5,1,203.5,0.0,965.4,631.0,1,14.14
236.0,4,1,192.0,0.0,972.6,749.1,4,47.78
108.3,4,1,203.5,0.0,938.2,849.0,1,2.33
157.0,5,1,192.0,0.0,935.4,781.2,1,16.89
288.0,5,1,192.0,0.0,932.0,717.8,1,23.52
212.0,3,1,203.5,0.0,973.4,750.0,1,6.81
212.0,3,1,203.5,0.0,973.4,750.0,4,39.7
153.0,2,1,192.0,0.0,888.0,943.1,2,17.96
236.0,4,1,192.0,0.0,972.6,749.1,2,32.88
116.0,4,1,192.0,0.0,909.8,891.9,2,22.35
183.9,3,1,203.5,0.0,959.2,800.0,1,10.79
108.3,4,1,203.5,0.0,938.2,849.0,1,7.72
203.5,5,1,203.5,0.0,963.4,630.0,2,41.68
203.5,5,1,203.5,0.0,963.4,630.0,1,9.56
133.0,5,1,192.0,0.0,927.4,839.2,1,6.88
288.0,5,1,192.0,0.0,932.0,717.8,4,50.53
200.0,3,1,192.0,0.0,965.4,806.2,1,17.17
200.0,3,1,192.0,0.0,965.4,806.2,2,30.44
250.2,4,1,203.5,0.0,977.6,694.1,1,9.73
122.6,4,1,203.5,0.0,958.2,800.1,1,3.32
153.0,2,1,192.0,0.0,888.0,943.1,4,26.32
200.0,3,1,192.0,0.0,965.4,806.2,4,43.25
116.0,4,1,192.0,0.0,909.8,891.9,1,6.28
173.0,2,1,192.0,0.0,946.8,856.8,4,32.1
250.2,4,1,203.5,0.0,977.6,694.1,2,36.96
305.3,5,1,203.5,0.0,965.4,631.0,4,54.6
192.0,5,1,192.0,0.0,929.8,716.1,1,21.48
157.0,5,1,192.0,0.0,935.4,781.2,1,9.69
153.0,2,1,192.0,0.0,888.0,943.1,1,8.37
141.3,5,1,203.5,0.0,971.8,748.5,4,39.66
116.0,4,1,192.0,0.0,909.8,891.9,1,10.09
141.3,5,1,203.5,0.0,971.8,748.5,1,4.83
122.6,4,1,203.5,0.0,958.2,800.1,1,10.35
166.8,5,1,203.5,0.0,975.6,692.6,4,43.57
203.5,5,1,203.5,0.0,963.4,630.0,4,51.86
310.0,1,1,192.0,0.0,1012.0,830.0,1,11.85
310.0,1,1,192.0,0.0,1012.0,830.0,1,17.24
310.0,1,1,192.0,0.0,1012.0,830.0,2,27.83
310.0,1,1,192.0,0.0,1012.0,830.0,4,35.76
310.0,1,1,192.0,0.0,1012.0,830.0,5,38.7
331.0,1,1,192.0,0.0,1025.0,821.0,1,14.31
331.0,1,1,192.0,0.0,1025.0,821.0,1,17.44
331.0,1,1,192.0,0.0,1025.0,821.0,2,31.74
331.0,1,1,192.0,0.0,1025.0,821.0,4,37.91
331.0,1,1,192.0,0.0,1025.0,821.0,5,39.38
349.0,1,1,192.0,0.0,1056.0,809.0,1,15.87
349.0,1,1,192.0,0.0,1056.0,809.0,1,9.01
349.0,1,1,192.0,0.0,1056.0,809.0,2,33.61
349.0,1,1,192.0,0.0,1056.0,809.0,4,40.66
349.0,1,1,192.0,0.0,1056.0,809.0,5,40.86
238.0,1,1,186.0,0.0,1119.0,789.0,1,12.05
238.0,1,1,186.0,0.0,1119.0,789.0,2,17.54
296.0,1,1,186.0,0.0,1090.0,769.0,1,18.91
296.0,1,1,186.0,0.0,1090.0,769.0,2,25.18
297.0,1,1,186.0,0.0,1040.0,734.0,1,30.96
480.0,1,1,192.0,0.0,936.0,721.0,2,43.89
480.0,1,1,192.0,0.0,936.0,721.0,4,54.28
397.0,1,1,186.0,0.0,1040.0,734.0,2,36.94
281.0,1,1,186.0,0.0,1104.0,774.0,1,14.5
281.0,1,1,185.0,0.0,1104.0,774.0,2,22.44
500.0,1,1,200.0,0.0,1125.0,613.0,1,12.64
500.0,1,1,200.0,0.0,1125.0,613.0,1,26.06
500.0,1,1,200.0,0.0,1125.0,613.0,1,33.21
500.0,1,1,200.0,0.0,1125.0,613.0,2,36.94
500.0,1,1,200.0,0.0,1125.0,613.0,2,44.09
540.0,1,1,173.0,0.0,1125.0,613.0,1,52.61
540.0,1,1,173.0,0.0,1125.0,613.0,2,59.76
540.0,1,1,173.0,0.0,1125.0,613.0,2,67.31
540.0,1,1,173.0,0.0,1125.0,613.0,4,69.66
540.0,1,1,173.0,0.0,1125.0,613.0,5,71.62
540.0,1,1,173.0,0.0,1125.0,613.0,5,74.17
350.0,1,1,203.0,0.0,974.0,775.0,1,18.13
350.0,1,1,203.0,0.0,974.0,775.0,2,22.53
350.0,1,1,203.0,0.0,974.0,775.0,2,27.34
350.0,1,1,203.0,0.0,974.0,775.0,3,29.98
350.0,1,1,203.0,0.0,974.0,775.0,4,31.35
350.0,1,1,203.0,0.0,974.0,775.0,5,32.72
385.0,1,1,186.0,0.0,966.0,763.0,1,6.27
385.0,1,1,186.0,0.0,966.0,763.0,1,14.7
385.0,1,1,186.0,0.0,966.0,763.0,1,23.22
385.0,1,1,186.0,0.0,966.0,763.0,2,27.92
385.0,1,1,186.0,0.0,966.0,763.0,2,31.35
331.0,1,1,192.0,0.0,978.0,825.0,5,39.0
331.0,1,1,192.0,0.0,978.0,825.0,5,41.24
349.0,1,1,192.0,0.0,1047.0,806.0,1,14.99
331.0,1,1,192.0,0.0,978.0,825.0,1,13.52
382.0,1,1,186.0,0.0,1047.0,739.0,1,24.0
382.0,1,1,186.0,0.0,1047.0,739.0,2,37.42
382.0,1,1,186.0,0.0,1111.0,784.0,1,11.47
281.0,1,1,186.0,0.0,1104.0,774.0,2,22.44
339.0,1,1,185.0,0.0,1069.0,754.0,1,21.16
339.0,1,1,185.0,0.0,1069.0,754.0,2,31.84
295.0,1,1,185.0,0.0,1069.0,769.0,1,14.8
295.0,1,1,185.0,0.0,1069.0,769.0,2,25.18
238.0,1,1,185.0,0.0,1118.0,789.0,2,17.54
296.0,1,1,192.0,0.0,1085.0,765.0,1,14.2
296.0,1,1,192.0,0.0,1085.0,765.0,2,21.65
296.0,1,1,192.0,0.0,1085.0,765.0,4,29.39
331.0,1,1,192.0,0.0,879.0,825.0,1,13.52
331.0,1,1,192.0,0.0,978.0,825.0,1,16.26
331.0,1,1,192.0,0.0,978.0,825.0,2,31.45
331.0,1,1,192.0,0.0,978.0,825.0,4,37.23
349.0,1,1,192.0,0.0,1047.0,806.0,1,18.13
349.0,1,1,192.0,0.0,1047.0,806.0,2,32.72
349.0,1,1,192.0,0.0,1047.0,806.0,4,39.49
349.0,1,1,192.0,0.0,1047.0,806.0,5,41.05
349.0,1,1,192.0,0.0,1047.0,806.0,5,42.13
302.0,1,1,203.0,0.0,974.0,817.0,2,18.13
302.0,1,1,203.0,0.0,974.0,817.0,5,26.74
525.0,1,1,189.0,0.0,1125.0,613.0,5,61.92
500.0,1,1,200.0,0.0,1125.0,613.0,4,47.22
500.0,1,1,200.0,0.0,1125.0,613.0,5,51.04
500.0,1,1,200.0,0.0,1125.0,613.0,5,55.16
540.0,1,1,173.0,0.0,1125.0,613.0,1,41.64
252.0,1,1,185.0,0.0,1111.0,784.0,1,13.71
252.0,1,1,185.0,0.0,1111.0,784.0,2,19.69
339.0,1,1,185.0,0.0,1060.0,754.0,2,31.65
393.0,1,1,192.0,0.0,940.0,758.0,1,19.11
393.0,1,1,192.0,0.0,940.0,758.0,2,39.58
393.0,1,1,192.0,0.0,940.0,758.0,4,48.79
382.0,1,1,185.0,0.0,1047.0,739.0,1,24.0
382.0,1,1,185.0,0.0,1047.0,739.0,2,37.42
252.0,1,1,186.0,0.0,1111.0,784.0,1,11.47
252.0,1,1,185.0,0.0,1111.0,784.0,2,19.69
310.0,1,1,192.0,0.0,970.0,850.0,1,14.99
310.0,1,1,192.0,0.0,970.0,850.0,2,27.92
310.0,1,1,192.0,0.0,970.0,850.0,4,34.68
310.0,1,1,192.0,0.0,970.0,850.0,5,37.33
310.0,1,1,192.0,0.0,970.0,850.0,5,38.11
525.0,1,1,189.0,0.0,1125.0,613.0,1,33.8
525.0,1,1,189.0,0.0,1125.0,613.0,1,42.42
525.0,1,1,189.0,0.0,1125.0,613.0,2,48.4
525.0,1,1,189.0,0.0,1125.0,613.0,2,55.94
525.0,1,1,189.0,0.0,1125.0,613.0,4,58.78
525.0,1,1,189.0,0.0,1125.0,613.0,5,67.11
322.0,1,1,203.0,0.0,974.0,800.0,2,20.77
322.0,1,1,203.0,0.0,974.0,800.0,2,25.18
322.0,1,1,203.0,0.0,974.0,800.0,5,29.59
302.0,1,1,203.0,0.0,974.0,817.0,2,21.75
397.0,1,1,185.0,0.0,1040.0,734.0,2,39.09
480.0,1,1,192.0,0.0,936.0,721.0,1,24.39
522.0,1,1,146.0,0.0,896.0,896.0,1,50.51
522.0,1,1,146.0,0.0,896.0,896.0,2,74.99
273.0,2,2,210.0,9.0,904.0,680.0,2,37.17
162.0,5,5,179.0,19.0,838.0,741.0,2,33.76
154.0,3,3,220.0,10.0,923.0,658.0,2,16.5
147.0,2,2,202.0,9.0,860.0,829.0,2,19.99
152.0,4,4,168.0,18.0,944.0,695.0,2,36.35
310.0,3,3,168.0,22.0,914.0,651.0,2,33.69
144.0,1,5,158.0,18.0,943.0,844.0,2,15.42
304.0,3,1,214.0,6.0,895.0,722.0,2,33.42
374.0,1,1,190.0,7.0,1013.0,730.0,2,39.05
159.0,3,3,175.0,15.0,953.0,720.0,2,27.68
153.0,5,1,200.0,6.0,1002.0,684.0,2,26.86
310.0,3,1,168.0,10.0,914.0,804.0,2,45.3
305.0,1,3,196.0,10.0,959.0,705.0,2,30.12
151.0,1,5,167.0,12.0,991.0,772.0,2,15.57
142.0,4,4,174.0,11.0,883.0,785.0,2,44.61
298.0,3,3,201.0,6.0,878.0,655.0,2,53.52
321.0,4,1,190.0,5.0,870.0,774.0,2,57.21
366.0,4,1,191.0,7.0,824.0,757.0,2,65.91
280.0,3,3,172.0,9.0,825.0,805.0,2,52.82
252.0,2,2,194.0,8.0,835.0,821.0,2,33.4
165.0,1,5,182.0,12.0,1023.0,729.0,2,18.03
156.0,5,1,180.0,11.0,1022.0,698.0,2,37.36
160.0,4,5,203.0,11.0,829.0,710.0,2,32.84
298.0,1,3,186.0,6.0,879.0,815.0,2,42.64
318.0,1,4,210.0,6.0,861.0,737.0,2,40.06
287.0,3,2,188.0,9.0,904.0,696.0,2,41.94
326.0,4,1,174.0,9.0,882.0,790.0,2,61.23
356.0,1,5,193.0,11.0,801.0,778.0,2,40.87
132.0,5,5,179.0,5.0,867.0,736.0,2,33.3
322.0,3,1,186.0,8.0,951.0,709.0,2,52.42
164.0,1,5,181.0,13.0,849.0,846.0,2,15.09
314.0,1,3,170.0,10.0,925.0,783.0,2,38.46
321.0,1,4,182.0,11.0,870.0,780.0,2,37.26
140.0,4,4,237.0,6.0,869.0,656.0,2,35.23
288.0,3,1,177.0,7.0,908.0,829.0,2,42.13
298.0,1,3,210.0,11.0,880.0,744.0,2,31.87
265.0,2,2,195.0,6.0,833.0,790.0,2,41.54
160.0,5,1,168.0,12.0,1049.0,688.0,2,39.45
166.0,5,1,183.0,13.0,859.0,827.0,2,37.91
276.0,2,2,180.0,9.0,870.0,768.0,2,44.28
322.0,1,3,196.0,10.0,818.0,813.0,2,31.18
149.0,3,3,193.0,6.0,892.0,780.0,2,23.69
159.0,4,1,176.0,11.0,990.0,789.0,2,32.76
261.0,2,2,201.0,9.0,864.0,761.0,2,32.4
237.0,2,2,247.0,6.0,853.0,695.0,2,28.63
313.0,1,3,178.0,8.0,1002.0,689.0,2,36.8
155.0,4,1,193.0,9.0,1047.0,697.0,2,18.28
146.0,5,1,202.0,3.0,827.0,872.0,2,33.06
296.0,1,3,221.0,11.0,819.0,778.0,2,31.42
133.0,5,1,196.0,3.0,949.0,795.0,2,31.03
313.0,3,1,178.0,8.0,867.0,824.0,2,44.39
152.0,1,3,184.0,8.0,992.0,816.0,2,12.18
153.0,3,3,178.0,8.0,1002.0,689.0,2,25.56
140.0,3,3,200.0,7.0,916.0,753.0,2,36.44
149.0,5,1,176.0,13.0,847.0,893.0,2,32.96
300.0,1,3,212.0,10.0,878.0,728.0,2,23.84
153.0,3,3,178.0,8.0,867.0,824.0,2,26.23
148.0,1,4,158.0,16.0,1002.0,830.0,2,17.95
326.0,1,4,199.0,11.0,801.0,792.0,2,40.68
153.0,3,1,178.0,8.0,1000.0,822.0,2,19.01
262.0,2,2,195.0,5.0,895.0,733.0,2,33.72
158.0,1,5,220.0,11.0,898.0,713.0,2,8.54
151.0,1,5,167.0,16.0,1074.0,678.0,2,13.46
273.0,1,2,199.0,11.0,931.0,762.0,2,32.24
149.0,3,2,183.0,7.0,953.0,780.0,2,23.52
143.0,4,5,191.0,8.0,967.0,643.0,2,29.72
260.0,2,2,171.0,10.0,936.0,763.0,2,49.77
313.0,4,1,178.0,10.0,917.0,759.0,2,52.44
284.0,3,1,168.0,7.0,970.0,794.0,2,40.93
336.0,1,1,182.0,3.0,986.0,817.0,2,44.86
145.0,1,4,181.0,11.0,979.0,812.0,2,13.2
150.0,5,1,174.0,12.0,1069.0,675.0,2,37.43
144.0,4,4,192.0,8.0,814.0,805.0,2,29.87
331.0,4,1,195.0,8.0,811.0,802.0,2,56.61
155.0,1,5,193.0,9.0,1047.0,697.0,2,12.46
155.0,4,1,193.0,9.0,877.0,868.0,2,23.79
135.0,1,5,180.0,10.0,961.0,805.0,2,13.29
266.0,2,2,178.0,10.0,910.0,745.0,2,39.42
314.0,3,3,179.0,8.0,869.0,690.0,2,46.23
313.0,3,1,127.0,8.0,1000.0,822.0,2,44.52
146.0,4,1,182.0,3.0,986.0,817.0,2,23.74
144.0,3,3,178.0,7.0,941.0,774.0,2,26.14
148.0,1,5,181.0,15.0,839.0,884.0,2,15.52
277.0,3,2,191.0,7.0,946.0,666.0,2,43.57
298.0,1,3,164.0,13.0,953.0,784.0,2,35.86
313.0,3,1,178.0,8.0,1002.0,689.0,2,41.05
155.0,4,5,194.0,9.0,880.0,699.0,2,28.99
289.0,3,1,195.0,6.0,924.0,760.0,2,46.24
148.0,4,1,171.0,2.0,1000.0,828.0,2,26.92
145.0,1,5,202.0,8.0,824.0,869.0,2,10.54
313.0,1,1,178.0,8.0,1000.0,822.0,2,25.1
136.0,4,4,172.0,10.0,923.0,764.0,2,29.07
155.0,1,5,193.0,9.0,877.0,868.0,2,9.74
255.0,2,2,189.0,6.0,919.0,749.0,2,33.8
162.0,5,5,216.0,10.0,822.0,638.0,2,39.84
136.0,5,2,199.0,6.0,847.0,783.0,2,26.97
164.0,4,4,197.0,8.0,961.0,641.0,2,27.23
162.0,5,5,202.0,10.0,820.0,680.0,2,30.65
157.0,5,5,200.0,9.0,819.0,704.0,2,33.05
149.0,4,5,192.0,8.0,935.0,623.0,2,24.58
135.0,2,5,196.0,6.0,965.0,643.0,2,21.91
159.0,5,5,201.0,7.0,848.0,669.0,2,30.88
144.0,1,5,176.0,6.0,1021.0,709.0,2,15.34
154.0,4,5,228.0,7.0,845.0,612.0,2,24.34
167.0,4,5,185.0,7.0,898.0,636.0,2,23.89
184.0,2,5,213.0,6.0,923.0,623.0,2,22.93
156.0,4,5,221.0,7.0,854.0,614.0,2,29.41
236.9,2,2,246.9,6.0,852.9,695.4,2,28.63
313.3,1,3,178.5,8.0,1001.9,688.7,2,36.8
154.8,4,1,193.3,9.1,1047.4,696.7,2,18.29
145.9,5,1,202.5,3.4,827.0,871.8,2,32.72
296.0,1,3,221.4,10.5,819.2,778.4,2,31.42
133.1,5,1,195.7,3.1,949.4,795.3,2,28.94
313.3,3,1,178.5,8.0,867.2,824.0,2,40.93
151.6,1,3,184.4,7.9,992.0,815.9,2,12.18
153.1,3,3,178.5,8.0,1001.9,688.7,2,25.56
139.9,3,3,200.3,7.4,916.0,753.4,2,36.44
149.5,5,1,175.8,12.6,846.8,892.7,2,32.96
299.8,1,3,211.5,9.9,878.2,727.6,2,23.84
153.1,3,3,178.5,8.0,867.2,824.0,2,26.23
148.1,1,4,158.1,16.1,1001.8,830.1,2,17.96
326.5,1,4,199.0,10.8,801.1,792.5,2,38.63
152.7,3,1,178.1,8.0,999.7,822.2,2,19.01
261.9,2,2,195.4,5.0,895.2,732.6,2,33.72
158.4,1,5,219.7,11.0,897.7,712.9,2,8.54
150.7,1,5,166.7,15.6,1074.5,678.0,2,13.46
272.6,1,2,198.7,10.6,931.3,762.2,2,32.25
149.0,3,2,182.9,7.1,953.4,780.3,2,23.52
143.0,4,5,190.7,8.4,967.4,643.5,2,29.73
259.9,2,2,170.6,10.4,935.7,762.9,2,49.77
312.9,4,1,177.6,9.6,916.6,759.5,2,52.45
284.0,3,1,168.3,7.2,970.4,794.2,2,40.93
336.5,1,1,181.9,3.4,985.8,816.8,2,44.87
144.8,1,4,180.8,11.1,979.5,811.5,2,13.2
150.0,5,1,173.8,11.9,1069.3,674.8,2,37.43
143.7,4,4,191.6,8.5,814.1,805.3,2,29.87
330.5,4,1,194.9,8.1,811.0,802.3,2,56.62
154.8,1,5,193.3,9.1,1047.4,696.7,2,12.46
154.8,4,1,193.3,9.1,877.2,867.7,2,23.79
134.7,1,5,180.2,10.0,961.0,804.9,2,13.29
266.2,2,2,177.9,10.4,909.7,744.5,2,39.42
314.0,3,3,178.9,8.0,869.1,690.2,2,46.23
312.7,3,1,127.3,8.0,999.7,822.2,2,44.52
145.7,4,1,181.9,3.4,985.8,816.8,2,23.74
143.8,3,3,178.1,7.5,941.5,774.3,2,26.15
148.1,1,5,181.4,15.0,838.9,884.3,2,15.53
277.0,3,2,190.6,7.0,946.5,665.6,2,43.58
298.1,1,3,163.6,12.8,953.2,784.0,2,35.87
313.3,3,1,178.5,8.0,1001.9,688.7,2,41.05
155.2,4,5,193.8,9.2,879.6,698.5,2,28.99
289.0,3,1,194.9,5.5,924.1,760.1,2,46.25
147.8,4,1,171.2,2.2,1000.0,828.5,2,26.92
145.4,1,5,201.7,7.8,824.0,868.7,2,10.54
312.7,1,1,178.1,8.0,999.7,822.2,2,25.1
136.4,4,4,171.6,10.4,922.6,764.4,2,29.07
154.8,1,5,193.3,9.1,877.2,867.7,2,9.74
255.3,2,2,188.6,6.5,919.0,749.3,2,33.8
272.8,2,2,209.7,9.0,904.0,679.7,2,37.17
162.0,5,5,178.8,18.8,838.1,741.4,2,33.76
153.6,3,3,220.1,10.1,923.2,657.9,2,16.5
146.5,2,2,201.9,8.8,860.0,829.5,2,19.99
151.8,4,4,167.5,18.3,944.0,694.6,2,36.35
309.9,3,3,167.8,22.1,913.9,651.2,2,38.22
143.6,1,5,158.4,17.9,942.7,844.5,2,15.42
303.6,3,1,213.5,6.2,895.5,722.5,2,33.42
374.3,1,1,190.2,6.7,1013.2,730.4,2,39.06
158.6,3,3,175.1,15.0,953.3,719.7,2,27.68
152.6,5,1,200.0,6.3,1001.8,683.9,2,26.86
310.0,3,1,167.9,10.0,914.3,804.0,2,45.3
304.8,1,3,196.0,9.8,959.4,705.2,2,30.12
150.9,1,5,166.6,11.6,991.2,772.2,2,15.57
141.9,4,4,173.5,10.9,882.6,785.3,2,44.61
297.8,3,3,201.3,6.0,878.4,655.3,2,53.52
321.3,4,1,190.5,4.6,870.0,774.0,2,57.22
366.0,4,1,191.3,6.6,824.3,756.9,2,65.91
279.8,3,3,172.4,9.5,825.1,804.9,2,52.83
252.1,2,2,193.8,8.3,835.5,821.4,2,33.4
164.6,1,5,181.6,11.7,1023.3,728.9,2,18.03
155.6,5,1,180.3,10.7,1022.0,697.7,2,37.36
160.2,4,5,203.2,11.3,828.7,709.7,2,35.31
298.1,1,3,186.4,6.1,879.0,815.2,2,42.64
317.9,1,4,209.7,5.7,860.5,736.6,2,40.06
287.3,3,2,187.6,9.2,904.4,695.9,2,43.8
325.6,4,1,174.0,8.9,881.6,790.0,2,61.24
355.9,1,5,193.3,11.0,801.4,778.4,2,40.87
132.0,5,5,178.9,5.5,866.9,735.6,2,33.31
322.5,3,1,185.8,8.5,951.0,709.5,2,52.43
164.2,1,5,181.2,12.6,849.3,846.0,2,15.09
313.8,1,3,169.9,10.1,925.3,782.9,2,38.46
321.4,1,4,182.5,11.5,870.1,779.7,2,37.27
139.7,4,4,236.7,5.8,868.6,655.6,2,35.23
288.4,3,1,177.4,7.0,907.9,829.5,2,42.14
298.2,1,3,209.7,11.1,879.6,744.2,2,31.88
264.5,2,2,195.5,5.9,832.6,790.4,2,41.54
159.8,5,1,168.4,12.2,1049.3,688.2,2,39.46
166.0,5,1,183.2,12.7,858.8,826.8,2,37.92
276.4,2,2,179.6,8.9,870.1,768.3,2,44.28
322.2,1,3,196.0,10.4,817.9,813.4,2,31.18
148.5,3,3,192.7,6.1,892.4,780.0,2,23.7
159.1,4,1,175.6,11.3,989.6,788.9,2,32.77
260.9,2,2,200.6,8.6,864.5,761.5,2,32.4
